2023-09-11 11:07:48,"
from sklearn.pipeline import make_pipeline
from sklearn.impute import SimpleImputer
from sklearn.preprocessing import StandardScaler
from sklearn.linear_model import LogisticRegression

pipe = make_pipeline(
    SimpleImputer(strategy='most_frequent'),
    StandardScaler(),
    LogisticRegression(random_state=42, max_iter=1000)
)
pipe.fit(X_train, y_train)
","Input X contains NaN.
LogisticRegression does not accept missing values encoded as NaN natively. For supervised learning, you might want to consider sklearn.ensemble.HistGradientBoostingClassifier and Regressor which accept missing values encoded as NaNs natively. Alternatively, it is possible to preprocess the data, for instance by using an imputer transformer in a pipeline or drop samples with missing values. See https://scikit-learn.org/stable/modules/impute.html You can find a list of all estimators that handle NaN values at the following page: https://scikit-learn.org/stable/modules/impute.html#estimators-that-handle-nan-values"
2023-09-11 11:07:58,"from sklearn.pipeline import make_pipeline
from sklearn.impute import SimpleImputer
from sklearn.preprocessing import StandardScaler
from sklearn.linear_model import LogisticRegression

pipe = make_pipeline(
    SimpleImputer(strategy='mean'),
    StandardScaler(),
    LogisticRegression(random_state=42, max_iter=1000)
)
pipe.fit(X_train, y_train)
",0.6321981734854314
2023-09-11 11:08:25,"from sklearn.pipeline import make_pipeline
from sklearn.impute import SimpleImputer
from sklearn.preprocessing import MinMaxScaler
from sklearn.ensemble import RandomForestClassifier

pipe = make_pipeline(
    SimpleImputer(strategy='median'),
    MinMaxScaler(),
    RandomForestClassifier(n_estimators=100, max_depth=10, random_state=42)
)
pipe.fit(X_train, y_train)",0.6580002007158866
