2023-08-22 16:27:02,"
from sklearn.pipeline import Pipeline
from sklearn.preprocessing import StandardScaler
from sklearn.linear_model import LogisticRegression

pipe = Pipeline([
    ('scaler', StandardScaler()),
    ('classifier', LogisticRegression(C=20.0, dual=False, penalty='l2', solver='lbfgs'))
])

pipe.fit(X_train, y_train)
",0.5497005988023952
2023-08-22 16:27:05,"
from sklearn.pipeline import Pipeline
from sklearn.preprocessing import StandardScaler
from sklearn.ensemble import ExtraTreesClassifier
from sklearn.kernel_approximation import RBFSampler

pipe = Pipeline([
    ('sampler', RBFSampler(gamma=0.4)),
    ('classifier', ExtraTreesClassifier(bootstrap=False, criterion='entropy', max_features=0.6, min_samples_leaf=3, min_samples_split=10, n_estimators=100))
])

pipe.fit(X_train, y_train)",0.5748502994011976
2023-08-22 16:27:10,"
from sklearn.pipeline import Pipeline
from sklearn.preprocessing import StandardScaler
from sklearn.naive_bayes import GaussianNB
from sklearn.kernel_approximation import RBFSampler

pipe = Pipeline([
    ('sampler', RBFSampler(gamma=0.6)),
    ('classifier', GaussianNB())
])

pipe.fit(X_train, y_train)",0.4179640718562874
2023-08-22 16:27:13,"
from mlxtend.classifier import EnsembleVoteClassifier

model = EnsembleVoteClassifier(clfs=list_pipelines, voting='soft', use_clones=False)
model.fit(X_train, y_train)
",0.5137724550898204
