2023-09-11 12:20:07,"
from sklearn.pipeline import make_pipeline
from sklearn.impute import SimpleImputer
from sklearn.preprocessing import StandardScaler
from sklearn.linear_model import LogisticRegression

pipe = make_pipeline(
    SimpleImputer(),
    StandardScaler(),
    LogisticRegression()
)

pipe.fit(X_train, y_train)
",0.6245373172363266
2023-09-11 12:20:26,"
from sklearn.pipeline import make_pipeline
from sklearn.impute import SimpleImputer
from sklearn.preprocessing import RobustScaler
from sklearn.ensemble import GradientBoostingClassifier

pipe = make_pipeline(
    SimpleImputer(),
    RobustScaler(),
    GradientBoostingClassifier()
)

pipe.fit(X_train, y_train)
",0.6559710763546014
2023-09-11 12:20:43,"
from sklearn.pipeline import make_pipeline
from sklearn.impute import SimpleImputer
from sklearn.preprocessing import MinMaxScaler
from sklearn.ensemble import RandomForestClassifier

pipe = make_pipeline(
    SimpleImputer(),
    MinMaxScaler(),
    RandomForestClassifier()
)

pipe.fit(X_train, y_train)",0.6504539228490428
