2023-09-11 12:31:07,"
from sklearn.pipeline import make_pipeline
from sklearn.impute import SimpleImputer
from sklearn.preprocessing import StandardScaler
from sklearn.linear_model import LogisticRegression

pipe = make_pipeline(
    SimpleImputer(),
    StandardScaler(),
    LogisticRegression()
)

pipe.fit(X_train, y_train)
",0.6245373172363266
2023-09-11 12:31:28,"
from sklearn.pipeline import make_pipeline
from sklearn.impute import SimpleImputer
from sklearn.preprocessing import MinMaxScaler
from sklearn.ensemble import RandomForestClassifier

pipe = make_pipeline(
    SimpleImputer(),
    MinMaxScaler(),
    RandomForestClassifier(n_estimators=200, max_depth=10, min_samples_split=5)
)

pipe.fit(X_train, y_train)",0.6554295543592521
2023-09-11 12:34:41,"
from sklearn.pipeline import make_pipeline
from sklearn.impute import SimpleImputer
from sklearn.preprocessing import StandardScaler
from sklearn.svm import SVC

pipe = make_pipeline(
    SimpleImputer(),
    StandardScaler(),
    SVC(C=1.0, kernel='rbf', gamma='scale')
)

pipe.fit(X_train, y_train)",0.6208677093619597
