2023-09-12 14:50:21,"
from sklearn.pipeline import make_pipeline
from sklearn.impute import SimpleImputer
from sklearn.preprocessing import RobustScaler
from sklearn.linear_model import LassoLarsCV

pipe = make_pipeline(
    SimpleImputer(),
    RobustScaler(),
    LassoLarsCV(normalize=True)
)

pipe.fit(X_train, y_train)
","Cannot use mean strategy with non-numeric data:
could not convert string to float: 'PIT'"
2023-09-12 14:50:29,"from sklearn.pipeline import make_pipeline
from sklearn.compose import ColumnTransformer
from sklearn.impute import SimpleImputer
from sklearn.preprocessing import RobustScaler, OneHotEncoder
from sklearn.linear_model import LassoLarsCV

# Identify numeric and categorical columns
numeric_columns_dataset = X_train.select_dtypes(include=[np.number]).columns
categorical_columns_dataset = X_train.select_dtypes(include=['object']).columns

# Create column transformer
preprocessor = ColumnTransformer(
    transformers=[
        ('num', SimpleImputer(), numeric_columns_dataset),
        ('cat', SimpleImputer(strategy='most_frequent'), categorical_columns_dataset),
        ('scaler', RobustScaler(), numeric_columns_dataset)
    ])

# Create pipeline
pipe = make_pipeline(
    preprocessor,
    LassoLarsCV(normalize=True)
)

# Fit pipeline
pipe.fit(X_train, y_train)",name 'np' is not defined
2023-09-12 14:50:37,"from sklearn.pipeline import make_pipeline
from sklearn.compose import ColumnTransformer
from sklearn.impute import SimpleImputer
from sklearn.preprocessing import RobustScaler, OneHotEncoder
from sklearn.linear_model import LassoLarsCV
import numpy as np

# Identify numeric and categorical columns
numeric_columns_dataset = X_train.select_dtypes(include=[np.number]).columns
categorical_columns_dataset = X_train.select_dtypes(include=['object']).columns

# Create column transformer
preprocessor = ColumnTransformer(
    transformers=[
        ('num', SimpleImputer(), numeric_columns_dataset),
        ('cat', SimpleImputer(strategy='most_frequent'), categorical_columns_dataset),
        ('scaler', RobustScaler(), numeric_columns_dataset)
    ])

# Create pipeline
pipe = make_pipeline(
    preprocessor,
    LassoLarsCV(normalize=True)
)

# Fit pipeline
pipe.fit(X_train, y_train)","Input X contains NaN.
LassoLarsCV does not accept missing values encoded as NaN natively. For supervised learning, you might want to consider sklearn.ensemble.HistGradientBoostingClassifier and Regressor which accept missing values encoded as NaNs natively. Alternatively, it is possible to preprocess the data, for instance by using an imputer transformer in a pipeline or drop samples with missing values. See https://scikit-learn.org/stable/modules/impute.html You can find a list of all estimators that handle NaN values at the following page: https://scikit-learn.org/stable/modules/impute.html#estimators-that-handle-nan-values"
2023-09-12 14:50:45,"from sklearn.pipeline import make_pipeline
from sklearn.compose import ColumnTransformer
from sklearn.impute import SimpleImputer
from sklearn.preprocessing import RobustScaler, OneHotEncoder
from sklearn.linear_model import LassoLarsCV
import numpy as np

# Identify numeric and categorical columns
numeric_columns_dataset = X_train.select_dtypes(include=[np.number]).columns
categorical_columns_dataset = X_train.select_dtypes(include=['object']).columns

# Create column transformer
preprocessor = ColumnTransformer(
    transformers=[
        ('num', SimpleImputer(strategy='mean'), numeric_columns_dataset),
        ('cat', SimpleImputer(strategy='most_frequent'), categorical_columns_dataset),
        ('scaler', RobustScaler(), numeric_columns_dataset)
    ])

# Create pipeline
pipe = make_pipeline(
    preprocessor,
    LassoLarsCV(normalize=True)
)

# Fit pipeline
pipe.fit(X_train, y_train)","Input X contains NaN.
LassoLarsCV does not accept missing values encoded as NaN natively. For supervised learning, you might want to consider sklearn.ensemble.HistGradientBoostingClassifier and Regressor which accept missing values encoded as NaNs natively. Alternatively, it is possible to preprocess the data, for instance by using an imputer transformer in a pipeline or drop samples with missing values. See https://scikit-learn.org/stable/modules/impute.html You can find a list of all estimators that handle NaN values at the following page: https://scikit-learn.org/stable/modules/impute.html#estimators-that-handle-nan-values"
