2023-09-11 12:23:40,"
from sklearn.pipeline import make_pipeline
from sklearn.impute import SimpleImputer
from sklearn.preprocessing import StandardScaler
from sklearn.linear_model import LogisticRegression

pipe = make_pipeline(
    SimpleImputer(),
    StandardScaler(),
    LogisticRegression()
)
pipe.fit(X_train, y_train)
",0.6245373172363266
2023-09-11 12:24:15,"
from sklearn.pipeline import make_pipeline
from sklearn.impute import SimpleImputer
from sklearn.preprocessing import StandardScaler
from sklearn.ensemble import GradientBoostingClassifier

pipe = make_pipeline(
    SimpleImputer(),
    StandardScaler(),
    GradientBoostingClassifier()
)
pipe.fit(X_train, y_train)",0.6560730099066671
2023-09-11 12:24:47,"
from sklearn.pipeline import make_pipeline
from sklearn.impute import SimpleImputer
from sklearn.preprocessing import StandardScaler
from sklearn.ensemble import RandomForestClassifier

pipe = make_pipeline(
    SimpleImputer(),
    StandardScaler(),
    RandomForestClassifier(n_estimators=200)
)
pipe.fit(X_train, y_train)",0.6531169368967604
