2023-09-11 10:53:00,"
from sklearn.pipeline import make_pipeline
from sklearn.impute import SimpleImputer
from sklearn.preprocessing import StandardScaler
from sklearn.linear_model import LogisticRegression

pipe = make_pipeline(
    SimpleImputer(),
    StandardScaler(),
    LogisticRegression()
)

pipe.fit(X_train, y_train)
",0.6321981734854314
2023-09-11 10:53:39,"
from sklearn.pipeline import make_pipeline
from sklearn.impute import SimpleImputer
from sklearn.preprocessing import MinMaxScaler
from sklearn.ensemble import RandomForestClassifier

pipe = make_pipeline(
    SimpleImputer(),
    MinMaxScaler(),
    RandomForestClassifier(n_estimators=200, max_depth=10)
)

pipe.fit(X_train, y_train)",0.658772956879537
